time,value
0.0,21.0
0.028059,21.0
0.057995,22.0
0.069528,22.0
0.130339,23.0
0.168788,23.0
0.202139,24.0
0.205913,24.0
0.209013,25.0
0.272023,25.0
0.331887,26.0
0.355759,27.0
0.427241,27.0
0.453948,28.0
0.560403,28.0
0.563397,29.0
