time, value
0.0,11.0
0.028059,11.0
0.057995,11.0
0.069528,12.0
0.130339,12.0
0.168788,13.0
0.202139,13.0
0.205913,14.0
0.209013,14.0
0.272023,15.0
0.331887,15.0
0.355759,15.0
0.427241,16.0
0.453948,16.0
0.560403,17.0
0.563397,17.0
