time,value
0.028059,21
0.057995,22
0.130339,23
0.202139,24
0.209013,25
0.331887,26
0.355759,27
0.453948,28
0.563397,29
