time, value
0.0,11
0.069528,12
0.168788,13
0.205913,14
0.272023,15
0.427241,16
0.560403,17
